phenotype_id,label,efo_id,mondo_id,hpo_ids,role,search_state,last_searched,search_queries,search_sources
pacvs,Post-acute COVID-19 vaccination syndrome (PACVS),,,,target,searched_none,2026-09-22,"""post-acute COVID-19 vaccination syndrome"" AND (genetic OR GWAS OR polymorphism OR HLA);PACVS AND vaccine AND genetic",Europe PMC;EBI Ontology Lookup Service (EFO/MONDO)
long-covid,Long COVID / PASC,,MONDO:0100233,,source,has_evidence,2026-09-22,GWAS Catalog v2 study search for PMID 40399555,GWAS Catalog v2 REST API
vaccine-reactogenicity,Vaccine reactogenicity,,,,source,not_searched,,,
post-vaccination-myocarditis,Post-vaccination myocarditis,,,,source,not_searched,,,
me-cfs,ME/CFS,,MONDO:0005404,,source,searched_underpowered,2026-09-22,DecodeME GWAS myalgic encephalomyelitis;myalgic encephalomyelitis chronic fatigue genetic,Europe PMC;EBI Ontology Lookup Service (EFO/MONDO)
pots,POTS / dysautonomia,,,,source,searched_underpowered,2026-09-22,postural orthostatic tachycardia GWAS genetic,Europe PMC;EBI Ontology Lookup Service (EFO/MONDO)
covid19-severity-susceptibility,COVID-19 severity / susceptibility,,,,reference,has_evidence,2026-09-22,GWAS Catalog v2 study search for PMID 34237774,GWAS Catalog v2 REST API
post-dengue-fatigue,Post-dengue fatigue syndrome,,,,source,not_searched,,,
post-polio,Post-polio syndrome,,,,source,not_searched,,,
post-chikungunya,Post-chikungunya disease,,,,source,not_searched,,,
post-ebola,Post-Ebola virus syndrome,,,,source,not_searched,,,
post-sars,Post-SARS syndrome,,,,source,not_searched,,,
q-fever-fatigue,Q fever fatigue syndrome,,,,source,not_searched,,,
ptlds,Post-treatment Lyme disease syndrome (PTLDS),,,,source,not_searched,,,
